name,units_per_case
"赤霧島",1
"吉四六(陶器）",1
"吉兆宝山",1
"鏡月",1
"吉四六ビン",1
"黒霧島",1
"佐藤黒",1
"佐藤黒一升",1
"佐藤白",1
"佐藤白一升",1
"佐藤麦",1
"佐藤麦一升",1
"百年の孤独",1
"富乃宝山",1
"富乃宝山一升",1
"魔王",1
"魔王一升",1
"森伊蔵",1
"森伊蔵一升",1
"村尾",1
"中々",1
"兼八",1
"真露",1
"神の河",1
"赤兎馬",1
"ﾁｬﾐｽﾙ",1
"ﾋﾟｭｱﾌﾞﾙｰ",1
"伊佐美",1
"鍛高譚",1
"鳥飼",1
"白岳しろ",1
"茉莉花",1
"残波",1
"甕雫",1
"いいちこﾌﾗｽｺ",1
"吉四六一升",1
"三岳",1
"ふんわりゆず",1
"ふんわりアセロラ",1
"ふんわり梅",1
"もぐら",1
"ﾌﾟﾙｼｱ",1
"I・Wﾊｰﾊﾟｰ12ｙ",1
"ｵｰﾙﾄﾞﾊﾟｰｸﾗｼｯｸ18ｙ",1
"ｶﾅﾃﾞｨｱﾝｸﾗﾌﾞ12ｙ",1
"ｶﾅﾃﾞｨｱﾝｸﾗﾌﾞ20ｙ",1
"ｶﾅﾃﾞｨｱﾝｸﾗﾌﾞﾌﾞﾗｯｸﾗﾍﾞﾙ",1
"ｼﾞｬｯｸﾀﾞﾆｴﾙﾌﾞﾗｯｸ",1
"れんと",1
"ﾛｲﾔﾙﾊｳｽﾎｰﾙﾄﾞ",1
"ｻﾞ・ﾏｯｶﾗﾝ12ｙ",1
"ｻﾞ・ﾏｯｶﾗﾝ18ｙ",1
"ｻﾞ･ﾏｯｶﾗﾝﾀﾞﾌﾞﾙｶｽｸ12ｙ",1
"ｼｰﾊﾞｽﾘｰｶﾞﾙ12ｙ",1
"ｼｰﾊﾞｽ18ｙ",1
"ｼｰﾊﾞｽ ﾐｽﾞﾅﾗ",1
"ｼﾞｮﾆｳｫｰｶｰﾌﾞﾙｰﾗﾍﾞﾙ",1
"ﾊﾞﾗﾝﾀｲﾝ17ｙ",1
"ﾊﾞﾗﾝﾀｲﾝ21ｙ",1
"ﾌｫｱﾛｰｾﾞｽﾌﾟﾗﾁﾅ",1
"ﾌｫｱﾛｰｾﾞｽﾌﾞﾗｯｸ",1
"ﾌﾞﾗﾝﾄﾝｺﾞｰﾙﾄﾞ",1
"ﾜｲﾙﾄﾞﾀｰｷｰ12ｙ",1
"ﾜｲﾙﾄﾞﾀｰｷｰ8ｙ",1
"ｸﾞﾚﾝﾘﾍﾞｯﾄ18ｙ",1
"ﾒｰｶｰｽﾞﾏｰｸ",1
"ｵｰﾙﾄﾞﾊﾟｰ ｼﾙﾊﾞｰ",1
"ｸﾞﾚﾝﾘｳﾞｪｯﾄ12ｙ",1
"ｸﾞﾚﾝﾌｨﾃｨｯｸ12ｙ",1
"ﾃﾞｨﾌﾟﾛﾏﾃｨｺ",1
"オールドパー12",1
"山崎",1
"山崎12ｙ",1
"山崎18ｙ",1
"知多",1
"竹鶴21ｙ",1
"竹鶴PUREMALT",1
"白州",1
"ｻﾝﾄﾘｰ角",1
"白州12y",1
"余市",1
"ｼｰﾊﾞｽ25ｙ",1
"ｸﾙﾎﾞｱｼﾞｪXO",1
"ﾍﾈｼｰVSOP",1
"ﾍﾈｼｰXO",1
"ﾏｰﾃﾙｺﾙﾄﾞﾝﾌﾞﾙｰ",1
"ﾚﾐｰﾏﾙﾀﾝ1738",1
"ﾌﾞﾙｲｯｸﾗﾃﾞｨ ｻﾞ ｸﾗｼｯｸﾗﾃﾞｨ",1
"伊達",1
"すず音",1
"ﾗﾌﾛｲｸﾞ10年",1
"柚子小町",1
"鍛高譚梅酒",1
"ﾐｽﾃｨｱ",1
"ｿｳﾙﾏｯｺﾘ",1
"鏡月20度",1
"響21Y",1
"伯楽星純米吟醸",1
"久保田萬寿四合",1
"久保田萬寿一升",1
"日高見",1
"伯楽星一升",1
"久保田 碧",1
"日高見一升",1
"ﾊﾟﾄﾛﾝｼﾙﾊﾞｰ",1
"一ノ蔵 無鑑査",1
"響100yｱﾆﾊﾞｰｻﾘｰ",1
"ｸﾙｴﾎﾞ1800ｱﾈﾎ",1
"ｼｰﾊﾞｽ18ｙﾐｽﾞﾅﾗ",1
"亀甲宮ｷﾝﾐﾔ",1
"伯楽星特別純米",1
"ﾍﾈｼｰﾊﾟﾗﾃﾞｨｰ",1
"田酒 特別純米一升",1
"宮城峡",1
"だいやめ(芋）",1
"ｸｴﾙﾎﾞｺﾞｰﾙﾄﾞ",1
"響 JAPANESEHARMONY",1
"ﾚﾐｰﾌﾞﾗｯｸﾌﾟﾚｽﾃｰｼﾞ",1
"ｴﾄﾞﾗﾀﾞﾜｰ10年",1
"ﾗﾝｿﾝ ﾌﾞﾗｯｸﾗﾍﾞﾙ",1
"ｿﾙｼﾞﾝ",1
"ｿﾙｼﾞﾝｲｴﾛｰ",1
"ﾍﾟﾘｴｼﾞｭｴブラゾンﾛｾﾞ",1
"ﾒｿﾞﾝﾏﾑRSRVｷｭｳﾞｪﾙﾈﾗﾙｰ",1
"ﾏﾑ ｸﾞﾗﾝ ｺﾙﾄﾞﾝ",1
"ｱﾙﾏﾝﾄﾞ ｸﾞﾘｰﾝ",1
"ｱﾙﾏﾝﾄﾞ ｺﾞｰﾙﾄﾞ",1
"ｱﾙﾏﾝﾄﾞ ﾄﾞﾐｾｯｸ(赤)",1
"ｱﾙﾏﾝﾄﾞﾌﾞﾗﾝﾄﾞﾌﾞﾗﾝ(ｼﾙﾊﾞｰ)",1
"ｱﾙﾏﾝﾄﾞﾛｾﾞ(ﾋﾟﾝｸ)",1
"ｳﾞｰｳﾞｸﾘｺ ｲｴﾛｰ",1
"ﾌﾞｰﾌﾞｸﾘｺ・ﾘｯﾁ",1
"ﾌﾞｰﾌﾞｸﾘｺ・ﾘｯﾁ ﾛｾﾞ",1
"ｳﾞｰｳﾞｲｴﾛｰ1.5L",1
"ﾛｰﾗﾝﾍﾟﾘｴｷｭｳﾞｪ",1
"ｸﾘｭｯｸﾞ",1
"ｸﾘｭｯｸﾞﾛｾﾞ",1
"ｻﾛﾝ02",1
"ﾄﾞﾝﾍﾟﾘ P2",1
"ﾄﾞﾝﾍﾟﾘ ﾛｾﾞ",1
"ﾄﾞﾝﾍﾟﾘ 白",1
"ﾍﾞﾙ・ｴ・ﾎﾟｯｸ",1
"ﾍﾞﾙ・ｴ・ﾎﾟｯｸ ﾛｾﾞ",1
"ﾓｴｱｲｽ",1
"ﾓｴｲｱｲｽ ﾛｾﾞ",1
"ﾓｴﾈｸﾀｰ",1
"ﾓｴﾈｸﾀｰﾛｾﾞ",1
"ﾓｴﾛｾﾞ",1
"ﾓｴ白",1
"ﾓｴﾈｸﾀｰｱﾝﾍﾟﾘｱﾙﾛｾﾞﾙﾐﾅｽ",1
"ﾙｲﾛﾃﾞﾚｰﾙ ｸﾘｽﾀﾙﾛｾﾞ",1
"ﾙｲﾛﾃﾞﾚｰﾙ ｸﾘｽﾀﾙ",1
"ｿｳﾒｲ ﾌﾞﾙｰ",1
"ﾄﾞﾝﾍﾟﾘﾙﾐﾅｽ",1
"ﾄﾞﾝﾍﾟﾘﾙﾐﾅｽﾛｾﾞ",1
"ｴﾝｼﾞｪﾙﾌﾞﾘｭｯﾄ（白）",1
"ｴﾝｼﾞｪﾙﾛｾﾞ",1
"ﾗﾝﾌﾞﾙｽｺ",1
"ﾍﾟﾘｴｼﾞｭｴｸﾞﾗﾝﾌﾞﾘｭｯﾄ",1
"ﾛｰﾗﾝﾍﾟﾘｴｳﾙﾄﾗﾌﾞﾘｭｯﾄ",1
"ｿｳﾒｲﾌﾞﾘｭﾄ",1
"ｿｳﾒｲ ﾛｾﾞ",1
"ﾎﾞﾗﾝｼﾞｪ ｽﾍﾟｼｬﾙ ｷｭｳﾞｪ",1
"ﾙｲﾅｰﾙ",1
"ｼｭﾊﾞﾙﾂｶｯﾂ青",1
"ｵｰﾊﾞｰﾁｭｱ",1
"ｽﾀｰﾚｰﾝｿｰｳﾞｨﾆﾖﾝﾌﾞﾗﾝ",1
"ｻｯｼｶｲﾔ",1
"ｽﾀｰﾚｰﾝｳﾞｨﾝﾔｰﾄﾞ（赤）",1
"ｶﾚﾗ ｼｬﾙﾄﾞﾈ",1
"ch ｶﾛﾝｾｷﾞｭｰﾙ",1
"ch ﾃﾞｨｯｻﾝ",1
"ｺﾉｽﾙ ｺﾝﾊﾞｰｼﾞｮﾝ",1
"ﾌﾟﾘﾝｼﾊﾟﾙ",1
"ｳｨﾘｱﾑﾌｪｰﾌﾞﾙｼｬﾌﾞﾘ",1
"ｼﾞｭｳﾞｨﾚｼｬﾝﾍﾞﾙﾀﾝ",1
"ﾑﾙｿｰｼｬﾙﾑ",1
"ﾅﾊﾟﾊｲﾗﾝｽﾞ 赤",1
"GAJA ｶﾞﾔﾀﾞｸﾞﾛﾐｽﾊﾞﾛｰﾛ",1
"rindo",1
"ｳﾞｰｳﾞｲｴﾛｰ ｼﾞｪﾛﾎﾞｧﾑ",1
"ﾜｲ ﾊﾞｲ ﾖｼｷ 赤",1
"ﾗﾎﾞﾘｰｼｬﾙﾄﾞﾈ",1
"ﾌﾚｲ･ﾌﾞﾗｻﾞｰｽﾞ",1
"ﾍﾟﾘｴｼﾞｭｴ ブランドブラン",1
"ｴﾝｼﾞｪﾙ ﾄﾞｩﾐｾｯｸ",1
"ﾅﾊﾟﾊｲﾗﾝｽﾞ 白",1
"ﾍﾞﾙｴﾎﾟｯｸﾌﾛﾝｻｽ",1
"ﾄﾞﾝﾍﾟﾘﾗﾍﾞｲ(ｺﾞｰﾙﾄﾞ)",1
"ch ｵｰ ﾌﾞﾘｵﾝ",1
"ｵｰﾊﾟｽﾜﾝ2019",1
"ﾍﾞﾙｴﾎﾟｯｸﾌﾟﾙﾐｴｰﾙ",1
"神の河 麦",1
"紹興酒 越艦牌陳五640",1
"ﾀﾞｲﾔﾒ",1
"ｷﾝﾐﾔ 亀甲宮",1
"ｼﾞｬｯｸﾀﾞﾆｴﾙ",1
"ﾛｲﾔﾙｳｽﾎｰﾙﾄﾞ",1
"ｼｰﾊﾞｽ ﾐｽﾞﾅﾗ18Y",1
"ﾗﾌﾛｲｸﾞ10y",1
"ｼﾞｪﾑｿﾝ",1
"ｻﾝﾄﾘｰ翠",1
"ﾘｼｬｰﾙﾍﾈｼｰ",1
"ｸﾞﾘｰﾝｽﾎﾟｯﾄ",1
"ｱｰﾄﾞﾍﾞｯｸ10y",1
"ｱﾝﾉｯｸ12y",1
"ｸﾞﾚﾝﾌｨﾃﾞｨｯｸ12y",1
"鏡月ﾌﾟﾚﾐｱﾑ",1
"ﾍﾈｼｰXO NBAﾎﾞﾄﾙ",1
"伯楽星純米一升",1
"久保田 千寿一升",1
"花めくすず音",1
"1800 ﾚﾎﾟｻﾄﾞ",1
"ｸｴﾙﾎﾞｴｽﾍﾟｼｬﾙｺﾞｰﾙﾄﾞ",1
"ﾎﾞﾗﾝｼﾞｭ ｽﾍﾟｼｬﾙ ｷｭｳﾞｪ",1
"ﾍﾞﾙｴﾎﾟｯｸ ﾌﾞﾗﾝﾄﾞﾌﾞﾗﾝ",1
"ﾗﾝﾎﾞﾙｷﾞｰﾆ",1
"Dﾛｯｸｺﾞｰﾙﾄﾞ",1
"Dﾛｯｸﾛｾﾞ",1
"ｳﾞｰｳﾞｸﾘｺ ｲｴﾛｰﾏｸﾞﾅﾑ",1
"ﾎﾞﾗﾝｼﾞｭｷｭｳﾞｪ",1
"ｳﾞｰｳﾞｸﾘｺ ﾄﾞﾐｾｯｸ",1
"ｳﾞｰｳﾞｸﾘｺ ﾛｾﾞ",1
"ﾓｴﾛｾﾞ ｱｲｽ",1
"ﾓｴ白 ﾏｸﾞﾅﾑ",1
"ｴﾝｼﾞｪﾙ ｸﾘｽﾏｽ ﾊﾞｰｼﾞｮﾝ",1
"ｴﾝｼﾞｪﾙ Ltd.ﾊﾛｳｨｰﾝﾊﾟｰﾌﾟﾙ",1
"ｴﾝｼﾞｪﾙﾌﾞﾘｭｯﾄﾌﾞﾗｯｸ",1
"ﾒｿﾞﾝﾏﾑRSRVｷｭｳﾞｪ",1
"ﾗﾝｿﾝﾌﾞﾗｯｸ",1
"ｿｳﾒｲﾅﾁｭｰﾙ(ﾌﾞﾙｰ)",1
"ｴﾝｼﾞｪﾙﾄﾞﾐｾｯｸﾛｾﾞ",1
"ｵｰﾊﾟｽﾜﾝ",1
"ｽﾀｰﾚｰﾝ(赤)",1
"ｽﾀｰﾚｰﾝ(白)",1
"ﾅﾊﾟﾊｲﾗﾝｽﾞ",1
"ｼｭﾊﾞﾙﾂｶｯﾂ",1
"ｼｬﾌﾞﾘｸﾞﾗﾝｸﾘｭﾚｸﾛ",1
"ｳｯﾄﾞﾌﾞﾘｯｼﾞ ｼｬﾙﾄﾞﾈ",1
"ﾛｰﾗﾝﾍﾟﾘｴ ﾗ ｷｭｳﾞｪ",1
"ﾆｺﾗｼﾞｪｲ",1
"ﾋﾟｴｰﾙｾﾞﾛ",1
"ﾛｾﾞﾗｽﾞｳﾞｨﾝﾔｰﾄﾞﾋﾟﾉ",1
"響ｼﾞｬﾊﾟﾆｰｽﾞﾊｰﾓﾆｰ",1
"響ｱﾆﾊﾞｰｻﾘｰﾌﾞﾚﾝﾄﾞ",1
"ﾚﾃﾞｨｰｶﾞｶﾞﾄﾞﾝﾍﾟﾘ",1
"ｻﾛﾝ",1
"ﾃｷｰﾗﾛｰｽﾞ",1
"ﾛｰﾗﾝﾍﾟﾘｴ ﾛｾﾞ",1
"山崎梅酒ｽｰﾍﾟﾘｱ",1
"ｶﾙﾀﾞﾓﾝ",1
