name,category
"赤霧島","焼酎"
"吉四六(陶器）","焼酎"
"吉兆宝山","焼酎"
"鏡月","その他"
"吉四六ビン","焼酎"
"黒霧島","焼酎"
"佐藤黒","焼酎"
"佐藤黒一升","焼酎"
"佐藤白","ワイン"
"佐藤白一升","焼酎"
"佐藤麦","焼酎"
"佐藤麦一升","焼酎"
"百年の孤独","焼酎"
"富乃宝山","焼酎"
"富乃宝山一升","焼酎"
"魔王","焼酎"
"魔王一升","焼酎"
"森伊蔵","焼酎"
"森伊蔵一升","焼酎"
"村尾","焼酎"
"中々","焼酎"
"兼八","焼酎"
"真露","その他"
"神の河","焼酎"
"赤兎馬","焼酎"
"ﾁｬﾐｽﾙ","その他"
"ﾋﾟｭｱﾌﾞﾙｰ","その他"
"伊佐美","焼酎"
"鍛高譚","焼酎"
"鳥飼","焼酎"
"白岳しろ","焼酎"
"茉莉花","その他"
"残波","焼酎"
"甕雫","焼酎"
"いいちこﾌﾗｽｺ","焼酎"
"吉四六一升","焼酎"
"三岳","焼酎"
"ふんわりゆず","その他"
"ふんわりアセロラ","その他"
"ふんわり梅","その他"
"もぐら","焼酎"
"ﾌﾟﾙｼｱ","焼酎"
"I・Wﾊｰﾊﾟｰ12ｙ","ウイスキー"
"ｵｰﾙﾄﾞﾊﾟｰｸﾗｼｯｸ18ｙ","ウイスキー"
"ｶﾅﾃﾞｨｱﾝｸﾗﾌﾞ12ｙ","ウイスキー"
"ｶﾅﾃﾞｨｱﾝｸﾗﾌﾞ20ｙ","ウイスキー"
"ｶﾅﾃﾞｨｱﾝｸﾗﾌﾞﾌﾞﾗｯｸﾗﾍﾞﾙ","ウイスキー"
"ｼﾞｬｯｸﾀﾞﾆｴﾙﾌﾞﾗｯｸ","ウイスキー"
"れんと","焼酎"
"ﾛｲﾔﾙﾊｳｽﾎｰﾙﾄﾞ","ウイスキー"
"ｻﾞ・ﾏｯｶﾗﾝ12ｙ","ウイスキー"
"ｻﾞ・ﾏｯｶﾗﾝ18ｙ","ウイスキー"
"ｻﾞ･ﾏｯｶﾗﾝﾀﾞﾌﾞﾙｶｽｸ12ｙ","ウイスキー"
"ｼｰﾊﾞｽﾘｰｶﾞﾙ12ｙ","ウイスキー"
"ｼｰﾊﾞｽ18ｙ","ウイスキー"
"ｼｰﾊﾞｽ ﾐｽﾞﾅﾗ","ウイスキー"
"ｼﾞｮﾆｳｫｰｶｰﾌﾞﾙｰﾗﾍﾞﾙ","ウイスキー"
"ﾊﾞﾗﾝﾀｲﾝ17ｙ","ウイスキー"
"ﾊﾞﾗﾝﾀｲﾝ21ｙ","ウイスキー"
"ﾌｫｱﾛｰｾﾞｽﾌﾟﾗﾁﾅ","ウイスキー"
"ﾌｫｱﾛｰｾﾞｽﾌﾞﾗｯｸ","ウイスキー"
"ﾌﾞﾗﾝﾄﾝｺﾞｰﾙﾄﾞ","ウイスキー"
"ﾜｲﾙﾄﾞﾀｰｷｰ12ｙ","ウイスキー"
"ﾜｲﾙﾄﾞﾀｰｷｰ8ｙ","ウイスキー"
"ｸﾞﾚﾝﾘﾍﾞｯﾄ18ｙ","ウイスキー"
"ﾒｰｶｰｽﾞﾏｰｸ","ウイスキー"
"ｵｰﾙﾄﾞﾊﾟｰ ｼﾙﾊﾞｰ","ウイスキー"
"ｸﾞﾚﾝﾘｳﾞｪｯﾄ12ｙ","ウイスキー"
"ｸﾞﾚﾝﾌｨﾃｨｯｸ12ｙ","ウイスキー"
"ﾃﾞｨﾌﾟﾛﾏﾃｨｺ","ウイスキー"
"オールドパー12","ウイスキー"
"山崎","ウイスキー"
"山崎12ｙ","ウイスキー"
"山崎18ｙ","ウイスキー"
"知多","ウイスキー"
"竹鶴21ｙ","ウイスキー"
"竹鶴PUREMALT","ウイスキー"
"白州","ウイスキー"
"ｻﾝﾄﾘｰ角","ウイスキー"
"白州12y","ウイスキー"
"余市","ウイスキー"
"ｼｰﾊﾞｽ25ｙ","ウイスキー"
"ｸﾙﾎﾞｱｼﾞｪXO","ブランデー"
"ﾍﾈｼｰVSOP","ブランデー"
"ﾍﾈｼｰXO","ブランデー"
"ﾏｰﾃﾙｺﾙﾄﾞﾝﾌﾞﾙｰ","ブランデー"
"ﾚﾐｰﾏﾙﾀﾝ1738","ブランデー"
"ﾌﾞﾙｲｯｸﾗﾃﾞｨ ｻﾞ ｸﾗｼｯｸﾗﾃﾞｨ","ウイスキー"
"伊達","日本酒"
"すず音","シャンパン・スパークリング"
"ﾗﾌﾛｲｸﾞ10年","ウイスキー"
"柚子小町","その他"
"鍛高譚梅酒","その他"
"ﾐｽﾃｨｱ","その他"
"ｿｳﾙﾏｯｺﾘ","その他"
"鏡月20度","その他"
"響21Y","ウイスキー"
"伯楽星純米吟醸","日本酒"
"久保田萬寿四合","日本酒"
"久保田萬寿一升","日本酒"
"日高見","日本酒"
"伯楽星一升","日本酒"
"久保田 碧","日本酒"
"日高見一升","日本酒"
"ﾊﾟﾄﾛﾝｼﾙﾊﾞｰ","その他"
"一ノ蔵 無鑑査","日本酒"
"響100yｱﾆﾊﾞｰｻﾘｰ","ウイスキー"
"ｸﾙｴﾎﾞ1800ｱﾈﾎ","その他"
"ｼｰﾊﾞｽ18ｙﾐｽﾞﾅﾗ","ウイスキー"
"亀甲宮ｷﾝﾐﾔ","焼酎"
"伯楽星特別純米","日本酒"
"ﾍﾈｼｰﾊﾟﾗﾃﾞｨｰ","ブランデー"
"田酒 特別純米一升","日本酒"
"宮城峡","ウイスキー"
"だいやめ(芋）","焼酎"
"ｸｴﾙﾎﾞｺﾞｰﾙﾄﾞ","その他"
"響 JAPANESEHARMONY","ウイスキー"
"ﾚﾐｰﾌﾞﾗｯｸﾌﾟﾚｽﾃｰｼﾞ","ブランデー"
"ｴﾄﾞﾗﾀﾞﾜｰ10年","ウイスキー"
"ﾗﾝｿﾝ ﾌﾞﾗｯｸﾗﾍﾞﾙ","シャンパン・スパークリング"
"ｿﾙｼﾞﾝ","その他"
"ｿﾙｼﾞﾝｲｴﾛｰ","その他"
"ﾍﾟﾘｴｼﾞｭｴブラゾンﾛｾﾞ","シャンパン・スパークリング"
"ﾒｿﾞﾝﾏﾑRSRVｷｭｳﾞｪﾙﾈﾗﾙｰ","シャンパン・スパークリング"
"ﾏﾑ ｸﾞﾗﾝ ｺﾙﾄﾞﾝ","シャンパン・スパークリング"
"ｱﾙﾏﾝﾄﾞ ｸﾞﾘｰﾝ","シャンパン・スパークリング"
"ｱﾙﾏﾝﾄﾞ ｺﾞｰﾙﾄﾞ","シャンパン・スパークリング"
"ｱﾙﾏﾝﾄﾞ ﾄﾞﾐｾｯｸ(赤)","シャンパン・スパークリング"
"ｱﾙﾏﾝﾄﾞﾌﾞﾗﾝﾄﾞﾌﾞﾗﾝ(ｼﾙﾊﾞｰ)","シャンパン・スパークリング"
"ｱﾙﾏﾝﾄﾞﾛｾﾞ(ﾋﾟﾝｸ)","シャンパン・スパークリング"
"ｳﾞｰｳﾞｸﾘｺ ｲｴﾛｰ","シャンパン・スパークリング"
"ﾌﾞｰﾌﾞｸﾘｺ・ﾘｯﾁ","シャンパン・スパークリング"
"ﾌﾞｰﾌﾞｸﾘｺ・ﾘｯﾁ ﾛｾﾞ","シャンパン・スパークリング"
"ｳﾞｰｳﾞｲｴﾛｰ1.5L","シャンパン・スパークリング"
"ﾛｰﾗﾝﾍﾟﾘｴｷｭｳﾞｪ","シャンパン・スパークリング"
"ｸﾘｭｯｸﾞ","シャンパン・スパークリング"
"ｸﾘｭｯｸﾞﾛｾﾞ","シャンパン・スパークリング"
"ｻﾛﾝ02","シャンパン・スパークリング"
"ﾄﾞﾝﾍﾟﾘ P2","シャンパン・スパークリング"
"ﾄﾞﾝﾍﾟﾘ ﾛｾﾞ","シャンパン・スパークリング"
"ﾄﾞﾝﾍﾟﾘ 白","シャンパン・スパークリング"
"ﾍﾞﾙ・ｴ・ﾎﾟｯｸ","シャンパン・スパークリング"
"ﾍﾞﾙ・ｴ・ﾎﾟｯｸ ﾛｾﾞ","シャンパン・スパークリング"
"ﾓｴｱｲｽ","シャンパン・スパークリング"
"ﾓｴｲｱｲｽ ﾛｾﾞ","シャンパン・スパークリング"
"ﾓｴﾈｸﾀｰ","シャンパン・スパークリング"
"ﾓｴﾈｸﾀｰﾛｾﾞ","シャンパン・スパークリング"
"ﾓｴﾛｾﾞ","シャンパン・スパークリング"
"ﾓｴ白","シャンパン・スパークリング"
"ﾓｴﾈｸﾀｰｱﾝﾍﾟﾘｱﾙﾛｾﾞﾙﾐﾅｽ","シャンパン・スパークリング"
"ﾙｲﾛﾃﾞﾚｰﾙ ｸﾘｽﾀﾙﾛｾﾞ","シャンパン・スパークリング"
"ﾙｲﾛﾃﾞﾚｰﾙ ｸﾘｽﾀﾙ","シャンパン・スパークリング"
"ｿｳﾒｲ ﾌﾞﾙｰ","シャンパン・スパークリング"
"ﾄﾞﾝﾍﾟﾘﾙﾐﾅｽ","シャンパン・スパークリング"
"ﾄﾞﾝﾍﾟﾘﾙﾐﾅｽﾛｾﾞ","シャンパン・スパークリング"
"ｴﾝｼﾞｪﾙﾌﾞﾘｭｯﾄ（白）","シャンパン・スパークリング"
"ｴﾝｼﾞｪﾙﾛｾﾞ","シャンパン・スパークリング"
"ﾗﾝﾌﾞﾙｽｺ","シャンパン・スパークリング"
"ﾍﾟﾘｴｼﾞｭｴｸﾞﾗﾝﾌﾞﾘｭｯﾄ","シャンパン・スパークリング"
"ﾛｰﾗﾝﾍﾟﾘｴｳﾙﾄﾗﾌﾞﾘｭｯﾄ","シャンパン・スパークリング"
"ｿｳﾒｲﾌﾞﾘｭﾄ","シャンパン・スパークリング"
"ｿｳﾒｲ ﾛｾﾞ","シャンパン・スパークリング"
"ﾎﾞﾗﾝｼﾞｪ ｽﾍﾟｼｬﾙ ｷｭｳﾞｪ","シャンパン・スパークリング"
"ﾙｲﾅｰﾙ","シャンパン・スパークリング"
"ｼｭﾊﾞﾙﾂｶｯﾂ青","シャンパン・スパークリング"
"ｵｰﾊﾞｰﾁｭｱ","ワイン"
"ｽﾀｰﾚｰﾝｿｰｳﾞｨﾆﾖﾝﾌﾞﾗﾝ","ワイン"
"ｻｯｼｶｲﾔ","ワイン"
"ｽﾀｰﾚｰﾝｳﾞｨﾝﾔｰﾄﾞ（赤）","ワイン"
"ｶﾚﾗ ｼｬﾙﾄﾞﾈ","ワイン"
"ch ｶﾛﾝｾｷﾞｭｰﾙ","ワイン"
"ch ﾃﾞｨｯｻﾝ","ワイン"
"ｺﾉｽﾙ ｺﾝﾊﾞｰｼﾞｮﾝ","ワイン"
"ﾌﾟﾘﾝｼﾊﾟﾙ","ワイン"
"ｳｨﾘｱﾑﾌｪｰﾌﾞﾙｼｬﾌﾞﾘ","ワイン"
"ｼﾞｭｳﾞｨﾚｼｬﾝﾍﾞﾙﾀﾝ","ワイン"
"ﾑﾙｿｰｼｬﾙﾑ","ワイン"
"ﾅﾊﾟﾊｲﾗﾝｽﾞ 赤","ワイン"
"GAJA ｶﾞﾔﾀﾞｸﾞﾛﾐｽﾊﾞﾛｰﾛ","ワイン"
"rindo","ワイン"
"ｳﾞｰｳﾞｲｴﾛｰ ｼﾞｪﾛﾎﾞｧﾑ","シャンパン・スパークリング"
"ﾜｲ ﾊﾞｲ ﾖｼｷ 赤","ワイン"
"ﾗﾎﾞﾘｰｼｬﾙﾄﾞﾈ","ワイン"
"ﾌﾚｲ･ﾌﾞﾗｻﾞｰｽﾞ","ワイン"
"ﾍﾟﾘｴｼﾞｭｴ ブランドブラン","シャンパン・スパークリング"
"ｴﾝｼﾞｪﾙ ﾄﾞｩﾐｾｯｸ","シャンパン・スパークリング"
"ﾅﾊﾟﾊｲﾗﾝｽﾞ 白","ワイン"
"ﾍﾞﾙｴﾎﾟｯｸﾌﾛﾝｻｽ","シャンパン・スパークリング"
"ﾄﾞﾝﾍﾟﾘﾗﾍﾞｲ(ｺﾞｰﾙﾄﾞ)","シャンパン・スパークリング"
"ch ｵｰ ﾌﾞﾘｵﾝ","ワイン"
"ｵｰﾊﾟｽﾜﾝ2019","ワイン"
"ﾍﾞﾙｴﾎﾟｯｸﾌﾟﾙﾐｴｰﾙ","シャンパン・スパークリング"
"神の河 麦","焼酎"
"紹興酒 越艦牌陳五640","その他"
"ﾀﾞｲﾔﾒ","焼酎"
"ｷﾝﾐﾔ 亀甲宮","焼酎"
"ｼﾞｬｯｸﾀﾞﾆｴﾙ","ウイスキー"
"ﾛｲﾔﾙｳｽﾎｰﾙﾄﾞ","ウイスキー"
"ｼｰﾊﾞｽ ﾐｽﾞﾅﾗ18Y","ウイスキー"
"ﾗﾌﾛｲｸﾞ10y","ウイスキー"
"ｼﾞｪﾑｿﾝ","ウイスキー"
"ｻﾝﾄﾘｰ翠","その他"
"ﾘｼｬｰﾙﾍﾈｼｰ","ブランデー"
"ｸﾞﾘｰﾝｽﾎﾟｯﾄ","ウイスキー"
"ｱｰﾄﾞﾍﾞｯｸ10y","ウイスキー"
"ｱﾝﾉｯｸ12y","ウイスキー"
"ｸﾞﾚﾝﾌｨﾃﾞｨｯｸ12y","ウイスキー"
"鏡月ﾌﾟﾚﾐｱﾑ","その他"
"ﾍﾈｼｰXO NBAﾎﾞﾄﾙ","ブランデー"
"伯楽星純米一升","日本酒"
"久保田 千寿一升","日本酒"
"花めくすず音","シャンパン・スパークリング"
"1800 ﾚﾎﾟｻﾄﾞ","その他"
"ｸｴﾙﾎﾞｴｽﾍﾟｼｬﾙｺﾞｰﾙﾄﾞ","その他"
"ﾎﾞﾗﾝｼﾞｭ ｽﾍﾟｼｬﾙ ｷｭｳﾞｪ","シャンパン・スパークリング"
"ﾍﾞﾙｴﾎﾟｯｸ ﾌﾞﾗﾝﾄﾞﾌﾞﾗﾝ","シャンパン・スパークリング"
"ﾗﾝﾎﾞﾙｷﾞｰﾆ",""
"Dﾛｯｸｺﾞｰﾙﾄﾞ",""
"Dﾛｯｸﾛｾﾞ",""
"ｳﾞｰｳﾞｸﾘｺ ｲｴﾛｰﾏｸﾞﾅﾑ","シャンパン・スパークリング"
"ﾎﾞﾗﾝｼﾞｭｷｭｳﾞｪ","シャンパン・スパークリング"
"ｳﾞｰｳﾞｸﾘｺ ﾄﾞﾐｾｯｸ","シャンパン・スパークリング"
"ｳﾞｰｳﾞｸﾘｺ ﾛｾﾞ","シャンパン・スパークリング"
"ﾓｴﾛｾﾞ ｱｲｽ","シャンパン・スパークリング"
"ﾓｴ白 ﾏｸﾞﾅﾑ","シャンパン・スパークリング"
"ｴﾝｼﾞｪﾙ ｸﾘｽﾏｽ ﾊﾞｰｼﾞｮﾝ","シャンパン・スパークリング"
"ｴﾝｼﾞｪﾙ Ltd.ﾊﾛｳｨｰﾝﾊﾟｰﾌﾟﾙ","シャンパン・スパークリング"
"ｴﾝｼﾞｪﾙﾌﾞﾘｭｯﾄﾌﾞﾗｯｸ","シャンパン・スパークリング"
"ﾒｿﾞﾝﾏﾑRSRVｷｭｳﾞｪ","シャンパン・スパークリング"
"ﾗﾝｿﾝﾌﾞﾗｯｸ","シャンパン・スパークリング"
"ｿｳﾒｲﾅﾁｭｰﾙ(ﾌﾞﾙｰ)","シャンパン・スパークリング"
"ｴﾝｼﾞｪﾙﾄﾞﾐｾｯｸﾛｾﾞ","シャンパン・スパークリング"
"ｵｰﾊﾟｽﾜﾝ","ワイン"
"ｽﾀｰﾚｰﾝ(赤)","ワイン"
"ｽﾀｰﾚｰﾝ(白)","ワイン"
"ﾅﾊﾟﾊｲﾗﾝｽﾞ","ワイン"
"ｼｭﾊﾞﾙﾂｶｯﾂ","シャンパン・スパークリング"
"ｼｬﾌﾞﾘｸﾞﾗﾝｸﾘｭﾚｸﾛ","ワイン"
"ｳｯﾄﾞﾌﾞﾘｯｼﾞ ｼｬﾙﾄﾞﾈ","ワイン"
"ﾛｰﾗﾝﾍﾟﾘｴ ﾗ ｷｭｳﾞｪ","シャンパン・スパークリング"
"ﾆｺﾗｼﾞｪｲ",""
"ﾋﾟｴｰﾙｾﾞﾛ","その他"
"ﾛｾﾞﾗｽﾞｳﾞｨﾝﾔｰﾄﾞﾋﾟﾉ","ワイン"
"響ｼﾞｬﾊﾟﾆｰｽﾞﾊｰﾓﾆｰ","ウイスキー"
"響ｱﾆﾊﾞｰｻﾘｰﾌﾞﾚﾝﾄﾞ","ウイスキー"
"ﾚﾃﾞｨｰｶﾞｶﾞﾄﾞﾝﾍﾟﾘ","シャンパン・スパークリング"
"ｻﾛﾝ","シャンパン・スパークリング"
"ﾃｷｰﾗﾛｰｽﾞ","その他"
"ﾛｰﾗﾝﾍﾟﾘｴ ﾛｾﾞ","シャンパン・スパークリング"
"山崎梅酒ｽｰﾍﾟﾘｱ","ウイスキー"
"ｶﾙﾀﾞﾓﾝ","その他"
