name,location,quantity
"ｼﾞｭｳﾞｨﾚｼｬﾝﾍﾞﾙﾀﾝ",Kingyo,12
"ｶﾅﾃﾞｨｱﾝｸﾗﾌﾞ20ｙ",Kingyo,11
"ﾊﾞﾗﾝﾀｲﾝ17ｙ",Kingyo,9
"吉四六(陶器）",Kingyo,6
"久保田萬寿四合",Kingyo,6
"ｳｨﾘｱﾑﾌｪｰﾌﾞﾙｼｬﾌﾞﾘ",Kingyo,5
"ﾅﾊﾟﾊｲﾗﾝｽﾞ 赤",Kingyo,5
"ｸﾙｴﾎﾞ1800ｱﾈﾎ",Kingyo,4
"すず音",Kingyo,4
"ﾓｴ白",Kingyo,4
"茉莉花",Kingyo,4
"ｻﾝﾄﾘｰ角",Kingyo,3
"ｽﾀｰﾚｰﾝｳﾞｨﾝﾔｰﾄﾞ（赤）",Kingyo,3
"だいやめ(芋）",Kingyo,3
"ﾄﾞﾝﾍﾟﾘ 白",Kingyo,3
"宮城峡",Kingyo,3
"佐藤黒",Kingyo,3
"佐藤白",Kingyo,3
"森伊蔵一升",Kingyo,3
"ch ｵｰ ﾌﾞﾘｵﾝ",Kingyo,2
"ch ｶﾛﾝｾｷﾞｭｰﾙ",Kingyo,2
"rindo",Kingyo,2
"ｱﾙﾏﾝﾄﾞ ｺﾞｰﾙﾄﾞ",Kingyo,2
"ｳﾞｰｳﾞｲｴﾛｰ1.5L",Kingyo,2
"ｳﾞｰｳﾞｸﾘｺ ｲｴﾛｰ",Kingyo,2
"ｵｰﾊﾞｰﾁｭｱ",Kingyo,2
"ｵｰﾊﾟｽﾜﾝ2019",Kingyo,2
"ｸｴﾙﾎﾞｺﾞｰﾙﾄﾞ",Kingyo,2
"ｺﾉｽﾙ ｺﾝﾊﾞｰｼﾞｮﾝ",Kingyo,2
"ｻﾞ・ﾏｯｶﾗﾝ12ｙ",Kingyo,2
"ｻﾞ･ﾏｯｶﾗﾝﾀﾞﾌﾞﾙｶｽｸ12ｙ",Kingyo,2
"ｻｯｼｶｲﾔ",Kingyo,2
"ｻﾛﾝ02",Kingyo,2
"ｼｰﾊﾞｽ ﾐｽﾞﾅﾗ",Kingyo,2
"ｼｰﾊﾞｽ25ｙ",Kingyo,2
"ｼｰﾊﾞｽﾘｰｶﾞﾙ12ｙ",Kingyo,2
"ｼﾞｬｯｸﾀﾞﾆｴﾙﾌﾞﾗｯｸ",Kingyo,2
"ｿｳﾒｲ ﾛｾﾞ",Kingyo,2
"ｿｳﾒｲﾌﾞﾘｭﾄ",Kingyo,2
"ｿｳﾙﾏｯｺﾘ",Kingyo,2
"ﾁｬﾐｽﾙ",Kingyo,2
"ﾌﾞｰﾌﾞｸﾘｺ・ﾘｯﾁ",Kingyo,2
"ﾌﾞｰﾌﾞｸﾘｺ・ﾘｯﾁ ﾛｾﾞ",Kingyo,2
"ﾌﾞﾙｲｯｸﾗﾃﾞｨ ｻﾞ ｸﾗｼｯｸﾗﾃﾞｨ",Kingyo,2
"ﾍﾟﾘｴｼﾞｭｴ ブランドブラン",Kingyo,2
"ﾍﾟﾘｴｼﾞｭｴブラゾンﾛｾﾞ",Kingyo,2
"ﾏﾑ ｸﾞﾗﾝ ｺﾙﾄﾞﾝ",Kingyo,2
"ﾑﾙｿｰｼｬﾙﾑ",Kingyo,2
"ﾓｴｱｲｽ",Kingyo,2
"ﾓｴﾈｸﾀｰ",Kingyo,2
"ﾓｴﾛｾﾞ",Kingyo,2
"ﾙｲﾅｰﾙ",Kingyo,2
"ﾛｰﾗﾝﾍﾟﾘｴｳﾙﾄﾗﾌﾞﾘｭｯﾄ",Kingyo,2
"ﾛｰﾗﾝﾍﾟﾘｴｷｭｳﾞｪ",Kingyo,2
"一ノ蔵 無鑑査",Kingyo,2
"響100yｱﾆﾊﾞｰｻﾘｰ",Kingyo,2
"黒霧島",Kingyo,2
"佐藤黒一升",Kingyo,2
"佐藤白一升",Kingyo,2
"佐藤麦",Kingyo,2
"佐藤麦一升",Kingyo,2
"山崎",Kingyo,2
"山崎12ｙ",Kingyo,2
"真露",Kingyo,2
"赤霧島",Kingyo,2
"鍛高譚",Kingyo,2
"鍛高譚梅酒",Kingyo,2
"知多",Kingyo,2
"竹鶴PUREMALT",Kingyo,2
"日高見",Kingyo,2
"伯楽星純米吟醸",Kingyo,2
"伯楽星特別純米",Kingyo,2
"白州",Kingyo,2
"富乃宝山",Kingyo,2
"富乃宝山一升",Kingyo,2
"魔王",Kingyo,2
"魔王一升",Kingyo,2
"ch ﾃﾞｨｯｻﾝ",Kingyo,1
"GAJA ｶﾞﾔﾀﾞｸﾞﾛﾐｽﾊﾞﾛｰﾛ",Kingyo,1
"I・Wﾊｰﾊﾟｰ12ｙ",Kingyo,1
"ｱﾙﾏﾝﾄﾞ ｸﾞﾘｰﾝ",Kingyo,1
"ｱﾙﾏﾝﾄﾞ ﾄﾞﾐｾｯｸ(赤)",Kingyo,1
"ｱﾙﾏﾝﾄﾞﾌﾞﾗﾝﾄﾞﾌﾞﾗﾝ(ｼﾙﾊﾞｰ)",Kingyo,1
"ｱﾙﾏﾝﾄﾞﾛｾﾞ(ﾋﾟﾝｸ)",Kingyo,1
"いいちこﾌﾗｽｺ",Kingyo,1
"ｳﾞｰｳﾞｲｴﾛｰ ｼﾞｪﾛﾎﾞｧﾑ",Kingyo,1
"ｴﾄﾞﾗﾀﾞﾜｰ10年",Kingyo,1
"ｴﾝｼﾞｪﾙ ﾄﾞｩﾐｾｯｸ",Kingyo,1
"ｴﾝｼﾞｪﾙﾌﾞﾘｭｯﾄ（白）",Kingyo,1
"ｴﾝｼﾞｪﾙﾛｾﾞ",Kingyo,1
"ｵｰﾙﾄﾞﾊﾟｰ ｼﾙﾊﾞｰ",Kingyo,1
"ｵｰﾙﾄﾞﾊﾟｰｸﾗｼｯｸ18ｙ",Kingyo,1
"ｶﾅﾃﾞｨｱﾝｸﾗﾌﾞﾌﾞﾗｯｸﾗﾍﾞﾙ",Kingyo,1
"ｶﾚﾗ ｼｬﾙﾄﾞﾈ",Kingyo,1
"ｸﾘｭｯｸﾞ",Kingyo,1
"ｸﾘｭｯｸﾞﾛｾﾞ",Kingyo,1
"ｸﾞﾚﾝﾌｨﾃｨｯｸ12ｙ",Kingyo,1
"ｸﾞﾚﾝﾘｳﾞｪｯﾄ12ｙ",Kingyo,1
"ｸﾞﾚﾝﾘﾍﾞｯﾄ18ｙ",Kingyo,1
"ｻﾞ・ﾏｯｶﾗﾝ18ｙ",Kingyo,1
"ｼｰﾊﾞｽ18ｙ",Kingyo,1
"ｼﾞｮﾆｳｫｰｶｰﾌﾞﾙｰﾗﾍﾞﾙ",Kingyo,1
"ｽﾀｰﾚｰﾝｿｰｳﾞｨﾆﾖﾝﾌﾞﾗﾝ",Kingyo,1
"ｿｳﾒｲ ﾌﾞﾙｰ",Kingyo,1
"ｿﾙｼﾞﾝ",Kingyo,1
"ｿﾙｼﾞﾝｲｴﾛｰ",Kingyo,1
"ﾃﾞｨﾌﾟﾛﾏﾃｨｺ",Kingyo,1
"ﾄﾞﾝﾍﾟﾘ P2",Kingyo,1
"ﾄﾞﾝﾍﾟﾘ ﾛｾﾞ",Kingyo,1
"ﾄﾞﾝﾍﾟﾘﾗﾍﾞｲ(ｺﾞｰﾙﾄﾞ)",Kingyo,1
"ﾄﾞﾝﾍﾟﾘﾙﾐﾅｽ",Kingyo,1
"ﾅﾊﾟﾊｲﾗﾝｽﾞ 白",Kingyo,1
"ﾊﾟﾄﾛﾝｼﾙﾊﾞｰ",Kingyo,1
"ﾋﾟｭｱﾌﾞﾙｰ",Kingyo,1
"ﾌｫｱﾛｰｾﾞｽﾌﾟﾗﾁﾅ",Kingyo,1
"ﾌｫｱﾛｰｾﾞｽﾌﾞﾗｯｸ",Kingyo,1
"ﾌﾞﾗﾝﾄﾝｺﾞｰﾙﾄﾞ",Kingyo,1
"ﾌﾟﾘﾝｼﾊﾟﾙ",Kingyo,1
"ﾌﾟﾙｼｱ",Kingyo,1
"ふんわりアセロラ",Kingyo,1
"ふんわりゆず",Kingyo,1
"ふんわり梅",Kingyo,1
"ﾍﾈｼｰVSOP",Kingyo,1
"ﾍﾈｼｰXO",Kingyo,1
"ﾍﾈｼｰﾊﾟﾗﾃﾞｨｰ",Kingyo,1
"ﾍﾟﾘｴｼﾞｭｴｸﾞﾗﾝﾌﾞﾘｭｯﾄ",Kingyo,1
"ﾍﾞﾙ・ｴ・ﾎﾟｯｸ",Kingyo,1
"ﾍﾞﾙ・ｴ・ﾎﾟｯｸ ﾛｾﾞ",Kingyo,1
"ﾍﾞﾙｴﾎﾟｯｸﾌﾟﾙﾐｴｰﾙ",Kingyo,1
"ﾍﾞﾙｴﾎﾟｯｸﾌﾛﾝｻｽ",Kingyo,1
"ﾎﾞﾗﾝｼﾞｪ ｽﾍﾟｼｬﾙ ｷｭｳﾞｪ",Kingyo,1
"ﾏｰﾃﾙｺﾙﾄﾞﾝﾌﾞﾙｰ",Kingyo,1
"ﾐｽﾃｨｱ",Kingyo,1
"ﾒｰｶｰｽﾞﾏｰｸ",Kingyo,1
"ﾓｴｲｱｲｽ ﾛｾﾞ",Kingyo,1
"ﾓｴﾈｸﾀｰｱﾝﾍﾟﾘｱﾙﾛｾﾞﾙﾐﾅｽ",Kingyo,1
"もぐら",Kingyo,1
"ﾗﾌﾛｲｸﾞ10年",Kingyo,1
"ﾗﾎﾞﾘｰｼｬﾙﾄﾞﾈ",Kingyo,1
"ﾗﾝｿﾝ ﾌﾞﾗｯｸﾗﾍﾞﾙ",Kingyo,1
"ﾗﾝﾌﾞﾙｽｺ",Kingyo,1
"ﾙｲﾛﾃﾞﾚｰﾙ ｸﾘｽﾀﾙ",Kingyo,1
"ﾙｲﾛﾃﾞﾚｰﾙ ｸﾘｽﾀﾙﾛｾﾞ",Kingyo,1
"ﾚﾐｰﾌﾞﾗｯｸﾌﾟﾚｽﾃｰｼﾞ",Kingyo,1
"ﾚﾐｰﾏﾙﾀﾝ1738",Kingyo,1
"れんと",Kingyo,1
"ﾛｲﾔﾙﾊｳｽﾎｰﾙﾄﾞ",Kingyo,1
"ﾜｲ ﾊﾞｲ ﾖｼｷ 赤",Kingyo,1
"ﾜｲﾙﾄﾞﾀｰｷｰ8ｙ",Kingyo,1
"伊佐美",Kingyo,1
"伊達",Kingyo,1
"亀甲宮ｷﾝﾐﾔ",Kingyo,1
"吉四六一升",Kingyo,1
"吉兆宝山",Kingyo,1
"久保田 碧",Kingyo,1
"久保田萬寿一升",Kingyo,1
"鏡月20度",Kingyo,1
"響 JAPANESEHARMONY",Kingyo,1
"響21Y",Kingyo,1
"兼八",Kingyo,1
"三岳",Kingyo,1
"山崎18ｙ",Kingyo,1
"残波",Kingyo,1
"森伊蔵",Kingyo,1
"赤兎馬",Kingyo,1
"村尾",Kingyo,1
"中々",Kingyo,1
"鳥飼",Kingyo,1
"田酒 特別純米一升",Kingyo,1
"白岳しろ",Kingyo,1
"白州12y",Kingyo,1
"百年の孤独",Kingyo,1
"柚子小町",Kingyo,1
"ﾓｴﾛｾﾞ ｱｲｽ",B-club,9
"吉四六(陶器）",B-club,6
"ｳﾞｰｳﾞｸﾘｺ ｲｴﾛｰ",B-club,5
"ｸﾙｴﾎﾞ1800ｱﾈﾎ",B-club,5
"ﾍﾟﾘｴｼﾞｭｴｸﾞﾗﾝﾌﾞﾘｭｯﾄ",B-club,5
"ﾍﾟﾘｴｼﾞｭｴブラゾンﾛｾﾞ",B-club,5
"ﾆｺﾗｼﾞｪｲ",B-club,4
"ﾊﾞﾗﾝﾀｲﾝ17ｙ",B-club,4
"紹興酒 越艦牌陳五640",B-club,4
"ｻｯｼｶｲﾔ",B-club,3
"ﾄﾞﾝﾍﾟﾘ 白",B-club,3
"ﾍﾟﾘｴｼﾞｭｴ ブランドブラン",B-club,3
"ﾍﾞﾙ・ｴ・ﾎﾟｯｸ",B-club,3
"ﾓｴｱｲｽ",B-club,3
"ﾓｴﾈｸﾀｰ",B-club,3
"ﾓｴﾈｸﾀｰﾛｾﾞ",B-club,3
"ﾓｴﾛｾﾞ",B-club,3
"ﾓｴ白",B-club,3
"ﾛｾﾞﾗｽﾞｳﾞｨﾝﾔｰﾄﾞﾋﾟﾉ",B-club,3
"吉四六一升",B-club,3
"吉兆宝山",B-club,3
"佐藤黒",B-club,3
"佐藤白",B-club,3
"佐藤麦",B-club,3
"山崎12ｙ",B-club,3
"知多",B-club,3
"竹鶴PUREMALT",B-club,3
"富乃宝山",B-club,3
"1800 ﾚﾎﾟｻﾄﾞ",B-club,2
"ch ｶﾛﾝｾｷﾞｭｰﾙ",B-club,2
"ch ﾃﾞｨｯｻﾝ",B-club,2
"ｱﾙﾏﾝﾄﾞ ｺﾞｰﾙﾄﾞ",B-club,2
"ｱﾙﾏﾝﾄﾞﾌﾞﾗﾝﾄﾞﾌﾞﾗﾝ(ｼﾙﾊﾞｰ)",B-club,2
"ｳﾞｰｳﾞｸﾘｺ ﾛｾﾞ",B-club,2
"ｳｯﾄﾞﾌﾞﾘｯｼﾞ ｼｬﾙﾄﾞﾈ",B-club,2
"ｵｰﾊﾞｰﾁｭｱ",B-club,2
"ｵｰﾊﾟｽﾜﾝ",B-club,2
"ｶﾙﾀﾞﾓﾝ",B-club,2
"ｷﾝﾐﾔ 亀甲宮",B-club,2
"ｸｴﾙﾎﾞｴｽﾍﾟｼｬﾙｺﾞｰﾙﾄﾞ",B-club,2
"ｺﾉｽﾙ ｺﾝﾊﾞｰｼﾞｮﾝ",B-club,2
"ｻﾞ・ﾏｯｶﾗﾝ12ｙ",B-club,2
"ｻﾛﾝ",B-club,2
"ｻﾝﾄﾘｰ角",B-club,2
"ｼﾞｪﾑｿﾝ",B-club,2
"ｼﾞｬｯｸﾀﾞﾆｴﾙ",B-club,2
"ｼｬﾌﾞﾘｸﾞﾗﾝｸﾘｭﾚｸﾛ",B-club,2
"ｼﾞｭｳﾞｨﾚｼｬﾝﾍﾞﾙﾀﾝ",B-club,2
"ｼｭﾊﾞﾙﾂｶｯﾂ",B-club,2
"すず音",B-club,2
"ｽﾀｰﾚｰﾝ(赤)",B-club,2
"ｿｳﾒｲﾌﾞﾘｭﾄ",B-club,2
"ﾀﾞｲﾔﾒ",B-club,2
"ﾅﾊﾟﾊｲﾗﾝｽﾞ",B-club,2
"ﾌﾟﾘﾝｼﾊﾟﾙ",B-club,2
"ふんわり梅",B-club,2
"ﾍﾈｼｰXO",B-club,2
"ﾛｰﾗﾝﾍﾟﾘｴｳﾙﾄﾗﾌﾞﾘｭｯﾄ",B-club,2
"響ｱﾆﾊﾞｰｻﾘｰﾌﾞﾚﾝﾄﾞ",B-club,2
"黒霧島",B-club,2
"佐藤黒一升",B-club,2
"佐藤麦一升",B-club,2
"赤霧島",B-club,2
"鍛高譚",B-club,2
"鍛高譚梅酒",B-club,2
"中々",B-club,2
"富乃宝山一升",B-club,2
"茉莉花",B-club,2
"ch ｵｰ ﾌﾞﾘｵﾝ",B-club,1
"I・Wﾊｰﾊﾟｰ12ｙ",B-club,1
"ｱﾙﾏﾝﾄﾞ ｸﾞﾘｰﾝ",B-club,1
"ｱﾙﾏﾝﾄﾞ ﾄﾞﾐｾｯｸ(赤)",B-club,1
"ｱﾙﾏﾝﾄﾞﾛｾﾞ(ﾋﾟﾝｸ)",B-club,1
"いいちこﾌﾗｽｺ",B-club,1
"ｴﾝｼﾞｪﾙ Ltd.ﾊﾛｳｨｰﾝﾊﾟｰﾌﾟﾙ",B-club,1
"ｴﾝｼﾞｪﾙﾌﾞﾘｭｯﾄﾌﾞﾗｯｸ",B-club,1
"ｴﾝｼﾞｪﾙﾛｾﾞ",B-club,1
"ｵｰﾙﾄﾞﾊﾟｰｸﾗｼｯｸ18ｙ",B-club,1
"ｶﾅﾃﾞｨｱﾝｸﾗﾌﾞ12ｙ",B-club,1
"ｶﾅﾃﾞｨｱﾝｸﾗﾌﾞ20ｙ",B-club,1
"ｶﾅﾃﾞｨｱﾝｸﾗﾌﾞﾌﾞﾗｯｸﾗﾍﾞﾙ",B-club,1
"ｸﾘｭｯｸﾞ",B-club,1
"ｸﾘｭｯｸﾞﾛｾﾞ",B-club,1
"ｻﾞ･ﾏｯｶﾗﾝﾀﾞﾌﾞﾙｶｽｸ12ｙ",B-club,1
"ｻﾝﾄﾘｰ翠",B-club,1
"ｼｰﾊﾞｽ ﾐｽﾞﾅﾗ",B-club,1
"ｼｰﾊﾞｽ18ｙ",B-club,1
"ｼｰﾊﾞｽﾘｰｶﾞﾙ12ｙ",B-club,1
"ｼﾞｮﾆｳｫｰｶｰﾌﾞﾙｰﾗﾍﾞﾙ",B-club,1
"ｽﾀｰﾚｰﾝ(白)",B-club,1
"ｿｳﾒｲﾅﾁｭｰﾙ(ﾌﾞﾙｰ)",B-club,1
"ｿｳﾙﾏｯｺﾘ",B-club,1
"ﾁｬﾐｽﾙ",B-club,1
"ﾄﾞﾝﾍﾟﾘ P2",B-club,1
"ﾄﾞﾝﾍﾟﾘ ﾛｾﾞ",B-club,1
"ﾄﾞﾝﾍﾟﾘﾗﾍﾞｲ(ｺﾞｰﾙﾄﾞ)",B-club,1
"ﾄﾞﾝﾍﾟﾘﾙﾐﾅｽ",B-club,1
"ﾅﾊﾟﾊｲﾗﾝｽﾞ 白",B-club,1
"ﾊﾟﾄﾛﾝｼﾙﾊﾞｰ",B-club,1
"ﾊﾞﾗﾝﾀｲﾝ21ｙ",B-club,1
"ﾋﾟｴｰﾙｾﾞﾛ",B-club,1
"ﾌｫｱﾛｰｾﾞｽﾌﾟﾗﾁﾅ",B-club,1
"ﾌｫｱﾛｰｾﾞｽﾌﾞﾗｯｸ",B-club,1
"ﾌﾞﾗﾝﾄﾝｺﾞｰﾙﾄﾞ",B-club,1
"ﾌﾚｲ･ﾌﾞﾗｻﾞｰｽﾞ",B-club,1
"ふんわりアセロラ",B-club,1
"ふんわりゆず",B-club,1
"ﾍﾈｼｰVSOP",B-club,1
"ﾍﾈｼｰXO NBAﾎﾞﾄﾙ",B-club,1
"ﾍﾞﾙ・ｴ・ﾎﾟｯｸ ﾛｾﾞ",B-club,1
"ﾎﾞﾗﾝｼﾞｭ ｽﾍﾟｼｬﾙ ｷｭｳﾞｪ",B-club,1
"ﾎﾞﾗﾝｼﾞｭｷｭｳﾞｪ",B-club,1
"ﾏｰﾃﾙｺﾙﾄﾞﾝﾌﾞﾙｰ",B-club,1
"ﾑﾙｿｰｼｬﾙﾑ",B-club,1
"ﾒｰｶｰｽﾞﾏｰｸ",B-club,1
"ﾒｿﾞﾝﾏﾑRSRVｷｭｳﾞｪ",B-club,1
"ﾘｼｬｰﾙﾍﾈｼｰ",B-club,1
"ﾙｲﾛﾃﾞﾚｰﾙ ｸﾘｽﾀﾙ",B-club,1
"ﾙｲﾛﾃﾞﾚｰﾙ ｸﾘｽﾀﾙﾛｾﾞ",B-club,1
"ﾚﾃﾞｨｰｶﾞｶﾞﾄﾞﾝﾍﾟﾘ",B-club,1
"ﾚﾐｰﾌﾞﾗｯｸﾌﾟﾚｽﾃｰｼﾞ",B-club,1
"ﾚﾐｰﾏﾙﾀﾝ1738",B-club,1
"ﾛｰﾗﾝﾍﾟﾘｴ ﾗ ｷｭｳﾞｪ",B-club,1
"ﾛｰﾗﾝﾍﾟﾘｴ ﾛｾﾞ",B-club,1
"ﾛｲﾔﾙｳｽﾎｰﾙﾄﾞ",B-club,1
"伊佐美",B-club,1
"吉四六ビン",B-club,1
"久保田 千寿一升",B-club,1
"久保田萬寿一升",B-club,1
"久保田萬寿四合",B-club,1
"鏡月ﾌﾟﾚﾐｱﾑ",B-club,1
"響ｼﾞｬﾊﾟﾆｰｽﾞﾊｰﾓﾆｰ",B-club,1
"兼八",B-club,1
"佐藤白一升",B-club,1
"三岳",B-club,1
"山崎梅酒ｽｰﾍﾟﾘｱ",B-club,1
"真露",B-club,1
"赤兎馬",B-club,1
"村尾",B-club,1
"鳥飼",B-club,1
"日高見",B-club,1
"日高見一升",B-club,1
"伯楽星純米一升",B-club,1
"伯楽星純米吟醸",B-club,1
"伯楽星特別純米",B-club,1
"白岳しろ",B-club,1
"白州",B-club,1
"百年の孤独",B-club,1
"魔王",B-club,1
"魔王一升",B-club,1
"柚子小町",B-club,1
